{"cameraMode":{"drawMode":0,"name":"Shaded","section":"Shading Mode"},"sceneLighting":false,"audioPlay":false,"sceneViewState":{"m_AlwaysRefresh":false,"showFog":true,"showSkybox":true,"showFlares":true,"showImageEffects":true,"showParticleSystems":true,"showVisualEffectGraphs":true,"m_FxEnabled":true},"in2DMode":false,"pivot":{"x":-0.9669356346130371,"y":2.2574284076690676,"z":0.32676589488983157},"rotation":{"x":0.01576286368072033,"y":0.7797113656997681,"z":0.019645780324935914,"w":-0.6256364583969116},"size":1.9475898742675782,"orthographic":false}